"studentID","gradeLevel","homeroom","gpa","freeLunch"
582208,"Freshman","D11",3.96,"Y"
744852,"Freshman","D11",3.93,"Y"
544670,"Freshman","D11",1.63,"N"
116531,"Freshman","D11",2.17,"Y"
519388,"Freshman","D11",2.59,"N"
793598,"Freshman","D11",2.52,"N"
166113,"Freshman","D11",3.49,"Y"
385454,"Freshman","D11",3.25,"Y"
748813,"Freshman","D11",2.34,"N"
435500,"Freshman","D11",2.38,"Y"
218169,"Freshman","D11",2.83,"N"
791030,"Freshman","D11",2.54,"Y"
487678,"Freshman","D11",2.76,"N"
934291,"Freshman","D11",2.23,"Y"
930943,"Freshman","D11",2.75,"N"
572582,"Freshman","D11",3.81,"Y"
753523,"Freshman","D11",1.5,"N"
503529,"Freshman","D11",2.73,"Y"
618003,"Freshman","D11",1.98,"Y"
521934,"Freshman","D11",2.61,"Y"
804340,"Freshman","D11",3.86,"N"
177674,"Freshman","D11",1.38,"Y"
635608,"Freshman","D11",1.61,"N"
911118,"Freshman","D11",2.75,"Y"
627121,"Freshman","D11",3.69,"Y"
671405,"Freshman","D11",2.88,"N"
808330,"Freshman","D11",3.18,"N"
703905,"Freshman","D11",2.53,"Y"
400756,"Freshman","D11",1.57,"N"
786484,"Freshman","D11",3.01,"Y"
661489,"Freshman","D11",1.52,"Y"
548585,"Freshman","D11",1.33,"N"
755175,"Freshman","D11",1.28,"Y"
403294,"Freshman","E15",3,"Y"
797650,"Freshman","E15",2.39,"N"
674153,"Freshman","E15",2.04,"N"
825802,"Freshman","E15",3.73,"N"
323606,"Freshman","E15",3.54,"Y"
546446,"Freshman","E15",1.75,"N"
539273,"Freshman","E15",1.53,"Y"
696132,"Freshman","E15",2.16,"Y"
822375,"Freshman","E15",2.42,"Y"
192020,"Freshman","E15",3.78,"Y"
424213,"Freshman","E15",1.29,"Y"
527086,"Freshman","E15",1.44,"N"
499035,"Freshman","E15",1.62,"N"
221215,"Freshman","E15",1.89,"N"
431057,"Freshman","E15",2.87,"N"
340621,"Freshman","E15",1.57,"N"
691160,"Freshman","E15",2.21,"Y"
138259,"Freshman","E15",2.77,"Y"
774291,"Freshman","E15",2.73,"N"
906645,"Freshman","E15",3.45,"Y"
129872,"Freshman","E15",1.45,"N"
190464,"Freshman","E15",3,"N"
456347,"Freshman","E15",2.47,"Y"
678404,"Freshman","E15",1.61,"Y"
510577,"Freshman","E15",3.7,"Y"
191782,"Freshman","E15",2.32,"Y"
745323,"Freshman","E10",1.94,"N"
272392,"Freshman","E10",2.76,"Y"
173375,"Freshman","E10",2.39,"N"
397347,"Freshman","E10",1.8,"N"
255181,"Freshman","E10",1.9,"Y"
926473,"Freshman","E10",1.61,"Y"
959054,"Freshman","E10",3.72,"N"
526421,"Freshman","E10",1.36,"Y"
636208,"Freshman","E10",3.3,"Y"
940327,"Freshman","E10",3.26,"N"
148410,"Freshman","E10",2.76,"Y"
895126,"Freshman","E10",2.81,"N"
241287,"Freshman","E10",1.7,"N"
581712,"Freshman","E10",2.11,"N"
205713,"Freshman","E10",3.67,"Y"
333035,"Freshman","E10",1.78,"N"
502653,"Freshman","E10",1.72,"N"
605806,"Freshman","E10",3.19,"Y"
162101,"Freshman","E10",2.56,"Y"
808925,"Freshman","E10",1.9,"Y"
568979,"Freshman","E10",1.53,"N"
922775,"Freshman","E10",2.75,"Y"
593035,"Freshman","E10",1.32,"N"
952654,"Freshman","E10",3.9,"N"
327786,"Freshman","E10",2.68,"N"
925427,"Freshman","E10",3.38,"Y"
235829,"Freshman","C14",3.29,"N"
599650,"Freshman","C14",3.25,"N"
405253,"Freshman","C14",2.98,"Y"
869985,"Freshman","C14",1.35,"N"
545647,"Freshman","C14",2.96,"N"
594479,"Freshman","C14",2.51,"Y"
860988,"Freshman","C14",1.76,"Y"
625639,"Freshman","C14",1.37,"N"
635410,"Freshman","C14",1.29,"Y"
471968,"Freshman","C14",1.79,"Y"
215197,"Freshman","C14",3.05,"N"
460671,"Freshman","C14",3.74,"N"
866664,"Freshman","C14",1.54,"N"
376821,"Freshman","C14",2.56,"N"
601416,"Freshman","C14",1.72,"N"
353822,"Freshman","C14",1.67,"N"
913363,"Freshman","C14",3.84,"N"
688185,"Freshman","C14",1.61,"Y"
482114,"Freshman","C14",3.56,"Y"
150051,"Freshman","C14",3.09,"Y"
129869,"Freshman","C14",3.4,"N"
693733,"Freshman","C14",3.07,"Y"
570719,"Freshman","C14",2.86,"Y"
106378,"Freshman","C14",2.87,"N"
116098,"Freshman","C14",1.87,"Y"
359162,"Freshman","C14",2.47,"Y"
512361,"Freshman","C14",2.92,"Y"
576307,"Freshman","C14",2.69,"N"
682584,"Freshman","C14",2.02,"N"
398239,"Freshman","C14",3.31,"N"
391988,"Freshman","C14",1.46,"Y"
871514,"Freshman","C14",1.48,"N"
681905,"Freshman","C14",3.4,"Y"
871962,"Freshman","C14",3.55,"N"
514987,"Freshman","A15",2.06,"N"
316878,"Freshman","A15",1.97,"N"
320614,"Freshman","A15",2.75,"Y"
528567,"Freshman","A15",1.99,"Y"
114083,"Freshman","A15",1.37,"Y"
485914,"Freshman","A15",1.37,"N"
148751,"Freshman","A15",2.14,"Y"
807950,"Freshman","A15",1.43,"N"
583160,"Freshman","A15",2.48,"Y"
882449,"Freshman","A15",3.64,"N"
459569,"Freshman","A15",3.06,"Y"
128733,"Freshman","A15",1.42,"N"
510922,"Freshman","A15",3.17,"N"
565251,"Freshman","A15",2.13,"N"
941219,"Freshman","A15",1.82,"N"
595204,"Freshman","A15",3.62,"N"
143430,"Freshman","A15",1.82,"N"
934189,"Freshman","A15",2.53,"N"
420704,"Freshman","A15",1.44,"N"
753207,"Freshman","A15",1.83,"N"
245203,"Freshman","A15",2.42,"N"
222329,"Freshman","A15",1.5,"Y"
240440,"Freshman","A15",2.22,"Y"
471004,"Freshman","A15",2.81,"Y"
656305,"Freshman","A15",1.92,"N"
332010,"Freshman","A15",3.23,"Y"
932938,"Freshman","A15",3.23,"Y"
565678,"Freshman","A15",3.99,"Y"
515321,"Freshman","A15",1.43,"N"
999650,"Freshman","A15",2.88,"N"
703869,"Freshman","A15",2.89,"N"
219636,"Freshman","C13",2.13,"N"
635563,"Freshman","C13",3.84,"N"
696536,"Freshman","C13",2.98,"Y"
296648,"Freshman","C13",3.69,"Y"
281290,"Freshman","C13",3.01,"N"
419274,"Freshman","C13",3.49,"Y"
611744,"Freshman","C13",3.32,"N"
818735,"Freshman","C13",3.72,"N"
865165,"Freshman","C13",2.02,"N"
141060,"Freshman","C13",1.51,"Y"
186840,"Freshman","C13",2.25,"Y"
773994,"Freshman","C13",2.89,"N"
196390,"Freshman","C13",1.36,"N"
511965,"Freshman","C13",2.42,"N"
706301,"Freshman","C13",2.59,"Y"
126857,"Freshman","C13",2.3,"Y"
549559,"Freshman","C13",3.47,"Y"
767269,"Freshman","C13",1.76,"N"
522357,"Freshman","C13",2.58,"N"
434765,"Freshman","C13",2.3,"Y"
698669,"Freshman","C13",1.73,"N"
734673,"Freshman","C13",3.55,"Y"
561405,"Freshman","C13",2.16,"Y"
952858,"Freshman","C13",2.27,"N"
963335,"Freshman","C13",1.38,"Y"
892144,"Freshman","C13",2.51,"N"
615001,"Freshman","C13",3.22,"N"
525241,"Freshman","C13",1.41,"Y"
748470,"Freshman","C13",2.19,"N"
555628,"Freshman","C13",2.83,"N"
373519,"Freshman","C13",1.91,"Y"
677433,"Freshman","C13",2.16,"N"
518804,"Freshman","C13",1.73,"Y"
478694,"Freshman","E16",2.83,"N"
166076,"Freshman","E16",1.38,"N"
239035,"Freshman","E16",3.18,"N"
545056,"Freshman","E16",2.06,"Y"
566475,"Freshman","E16",2.47,"N"
188485,"Freshman","E16",1.55,"N"
374290,"Freshman","E16",1.51,"N"
174886,"Freshman","E16",3.91,"N"
309311,"Freshman","E16",3.76,"N"
394790,"Freshman","E16",2.07,"N"
812538,"Freshman","E16",3.61,"N"
399591,"Freshman","E16",2.59,"N"
447820,"Freshman","E16",3.4,"N"
220098,"Freshman","E16",2.43,"N"
830769,"Freshman","E16",2.71,"Y"
537626,"Freshman","E16",1.96,"N"
356250,"Freshman","E16",3.66,"N"
797940,"Freshman","E16",1.4,"Y"
773965,"Freshman","E16",2.56,"N"
784727,"Freshman","E16",1.37,"N"
251404,"Freshman","E16",3.97,"N"
149339,"Freshman","E16",3.65,"Y"
778921,"Freshman","E16",2.31,"Y"
970992,"Freshman","E16",2.01,"Y"
611277,"Freshman","E16",1.61,"N"
460370,"Freshman","E16",3.9,"N"
375704,"Freshman","E16",1.73,"Y"
868869,"Freshman","B17",1.49,"Y"
899157,"Freshman","B17",3.67,"Y"
530620,"Freshman","B17",1.99,"N"
217037,"Freshman","B17",2.13,"N"
506667,"Freshman","B17",3.23,"Y"
913062,"Freshman","B17",2.68,"N"
953255,"Freshman","B17",3.03,"N"
666488,"Freshman","B17",3.46,"N"
744639,"Freshman","B17",2.88,"Y"
390924,"Freshman","B17",1.51,"Y"
254070,"Freshman","B17",3.16,"Y"
414948,"Freshman","B17",2.15,"N"
913622,"Freshman","B17",3.6,"N"
723498,"Freshman","B17",3.66,"Y"
934517,"Freshman","B17",3.52,"Y"
844803,"Freshman","B17",1.33,"Y"
130407,"Freshman","B17",1.89,"Y"
434665,"Freshman","B17",3.56,"N"
825160,"Freshman","B17",3.18,"N"
395025,"Freshman","B17",1.3,"Y"
247470,"Freshman","B17",1.49,"N"
907493,"Freshman","B17",2.12,"Y"
730680,"Freshman","B17",3.32,"N"
869086,"Freshman","B17",2.53,"N"
400852,"Freshman","B17",3.34,"N"
476092,"Freshman","B17",1.78,"N"
962645,"Freshman","B17",1.65,"N"
865355,"Freshman","B17",3.69,"N"
890052,"Freshman","B17",2.52,"N"
832505,"Freshman","B17",3.69,"N"
788968,"Freshman","B17",3.74,"Y"
752613,"Freshman","B17",2.91,"N"
878434,"Freshman","B17",3.12,"Y"
572247,"Freshman","B17",1.44,"N"
691201,"Freshman","C10",2.88,"N"
748651,"Freshman","C10",1.59,"N"
171306,"Freshman","C10",2.4,"N"
770137,"Freshman","C10",1.48,"N"
732912,"Freshman","C10",2.87,"Y"
962499,"Freshman","C10",2.08,"N"
565497,"Freshman","C10",2.32,"N"
619722,"Freshman","C10",2.4,"N"
299901,"Freshman","C10",1.76,"N"
791005,"Freshman","C10",1.58,"Y"
349987,"Freshman","C10",2.4,"N"
983872,"Freshman","C10",2.82,"Y"
851295,"Freshman","C10",2.11,"N"
749355,"Freshman","C10",2.88,"Y"
837131,"Freshman","C10",1.31,"Y"
874132,"Freshman","C10",2.12,"Y"
638732,"Freshman","C10",3.6,"Y"
975433,"Freshman","C10",2.27,"Y"
116615,"Freshman","C10",1.86,"N"
810672,"Freshman","C10",2.74,"Y"
728650,"Freshman","C10",3.21,"N"
279362,"Freshman","C10",3.84,"N"
349447,"Freshman","C10",1.96,"Y"
140289,"Freshman","C10",1.46,"Y"
754530,"Freshman","C10",2.56,"Y"
866721,"Freshman","C10",2.17,"Y"
851853,"Freshman","C10",2,"N"
378431,"Freshman","C10",1.7,"Y"
920162,"Freshman","B14",2.84,"N"
695955,"Freshman","B14",2.5,"Y"
953193,"Freshman","B14",3.76,"N"
550245,"Freshman","B14",3.56,"N"
273135,"Freshman","B14",2.91,"Y"
278218,"Freshman","B14",3.49,"Y"
112532,"Freshman","B14",2.69,"N"
117629,"Freshman","B14",1.64,"N"
855884,"Freshman","B14",2.71,"Y"
475110,"Freshman","B14",3.68,"N"
754188,"Freshman","B14",2.96,"N"
520506,"Freshman","B14",2.09,"Y"
370767,"Freshman","B14",2.88,"N"
269442,"Freshman","B14",2.52,"N"
159257,"Freshman","B14",3.99,"N"
463541,"Freshman","B14",2.36,"N"
651468,"Freshman","B14",2.84,"Y"
775117,"Freshman","B14",2.62,"N"
262812,"Freshman","B14",2.21,"N"
755277,"Freshman","B14",3.86,"N"
417917,"Freshman","B14",3.77,"N"
406578,"Freshman","B14",2.07,"N"
225194,"Freshman","B14",3.55,"Y"
346809,"Freshman","B14",3.71,"N"
319511,"Freshman","B14",3.73,"N"
801636,"Freshman","B14",3.45,"Y"
645494,"Freshman","B14",2.17,"Y"
370173,"Freshman","B14",2.19,"N"
220853,"Freshman","B14",2.74,"Y"
128946,"Freshman","B14",2.58,"Y"
321293,"Sophomore","C11",3.8,"N"
422655,"Sophomore","C11",3.27,"Y"
254655,"Sophomore","C11",1.78,"N"
372400,"Sophomore","C11",3.59,"Y"
638546,"Sophomore","C11",2.1,"N"
120866,"Sophomore","C11",3.99,"N"
545920,"Sophomore","C11",3.32,"N"
203063,"Sophomore","C11",3.48,"N"
582575,"Sophomore","C11",2.31,"N"
348844,"Sophomore","C11",3.07,"Y"
895168,"Sophomore","C11",3.73,"Y"
969750,"Sophomore","C11",3.16,"N"
133776,"Sophomore","C11",1.9,"Y"
241563,"Sophomore","C11",1.79,"Y"
131180,"Sophomore","C11",3.74,"Y"
774381,"Sophomore","C11",1.83,"N"
533936,"Sophomore","C11",1.68,"N"
285463,"Sophomore","C11",2.51,"N"
395367,"Sophomore","C11",1.64,"Y"
883732,"Sophomore","C11",2.27,"Y"
589310,"Sophomore","C11",3.08,"Y"
732095,"Sophomore","C11",1.55,"Y"
671842,"Sophomore","C11",3.08,"Y"
230037,"Sophomore","C11",3.03,"N"
751598,"Sophomore","C11",2.27,"N"
243647,"Sophomore","C11",3.37,"Y"
691537,"Sophomore","C11",2.9,"Y"
192420,"Sophomore","A13",2.81,"Y"
330367,"Sophomore","A13",3.31,"N"
659618,"Sophomore","A13",2.47,"Y"
995844,"Sophomore","A13",1.29,"Y"
436629,"Sophomore","A13",3.82,"Y"
427917,"Sophomore","A13",2.34,"Y"
580492,"Sophomore","A13",3.7,"Y"
833573,"Sophomore","A13",2.27,"N"
306477,"Sophomore","A13",2.24,"N"
844281,"Sophomore","A13",2.58,"Y"
790805,"Sophomore","A13",2.11,"N"
417107,"Sophomore","A13",1.36,"N"
696703,"Sophomore","A13",2.43,"N"
163670,"Sophomore","A13",1.72,"Y"
774783,"Sophomore","A13",2.15,"N"
679016,"Sophomore","A13",2.56,"Y"
213921,"Sophomore","A13",3.4,"N"
696954,"Sophomore","A13",3.69,"N"
789768,"Sophomore","A13",2.03,"Y"
708331,"Sophomore","A13",1.37,"Y"
905676,"Sophomore","A13",2.64,"Y"
885739,"Sophomore","A13",2.77,"N"
799897,"Sophomore","A13",2.02,"N"
814270,"Sophomore","A13",2.12,"N"
342532,"Sophomore","A13",3.5,"Y"
122355,"Sophomore","A13",2.44,"Y"
207754,"Sophomore","A13",2.56,"Y"
836048,"Sophomore","A13",2.01,"N"
387113,"Sophomore","A13",1.87,"Y"
233403,"Sophomore","A13",2.06,"Y"
316522,"Sophomore","A13",2.96,"Y"
742554,"Sophomore","A13",1.41,"Y"
991920,"Sophomore","A13",3.73,"N"
186126,"Sophomore","A13",3.23,"N"
299152,"Sophomore","C16",2.02,"N"
869037,"Sophomore","C16",1.62,"N"
772916,"Sophomore","C16",3.62,"N"
216909,"Sophomore","C16",3.62,"Y"
321297,"Sophomore","C16",2.74,"Y"
480974,"Sophomore","C16",1.56,"Y"
186945,"Sophomore","C16",1.53,"Y"
686177,"Sophomore","C16",1.31,"N"
842378,"Sophomore","C16",2.75,"Y"
190082,"Sophomore","C16",3.88,"N"
460468,"Sophomore","C16",2.75,"Y"
827307,"Sophomore","C16",3.07,"Y"
713469,"Sophomore","C16",3.71,"Y"
565426,"Sophomore","C16",2.22,"N"
473467,"Sophomore","C16",3.41,"Y"
950150,"Sophomore","C16",3.36,"N"
120115,"Sophomore","C16",2.38,"N"
817475,"Sophomore","C16",3.3,"N"
856918,"Sophomore","C16",2.7,"N"
558673,"Sophomore","C16",3.1,"N"
829905,"Sophomore","C16",3.19,"N"
644162,"Sophomore","C16",2.09,"Y"
186595,"Sophomore","C16",1.3,"Y"
798588,"Sophomore","C16",1.58,"Y"
882996,"Sophomore","C16",3.09,"Y"
831119,"Sophomore","C16",3.39,"Y"
569777,"Sophomore","C16",1.55,"Y"
901327,"Sophomore","C16",3.98,"Y"
568100,"Sophomore","C16",1.75,"N"
754849,"Sophomore","C16",3.14,"Y"
310158,"Sophomore","C16",1.68,"Y"
348351,"Sophomore","E11",2.3,"Y"
514934,"Sophomore","E11",1.91,"N"
753649,"Sophomore","E11",3.36,"N"
871438,"Sophomore","E11",3.67,"Y"
963345,"Sophomore","E11",3.93,"N"
541623,"Sophomore","E11",1.37,"N"
621147,"Sophomore","E11",2.04,"N"
976986,"Sophomore","E11",1.7,"Y"
238388,"Sophomore","E11",3.01,"N"
729863,"Sophomore","E11",2.38,"Y"
865394,"Sophomore","E11",3.75,"N"
859090,"Sophomore","E11",1.42,"Y"
342950,"Sophomore","E11",2.81,"N"
633491,"Sophomore","E11",1.72,"N"
122892,"Sophomore","E11",3.37,"Y"
854081,"Sophomore","E11",3.52,"N"
233574,"Sophomore","E11",1.44,"N"
390362,"Sophomore","E11",1.72,"N"
826853,"Sophomore","E11",3.86,"Y"
385862,"Sophomore","E11",3.85,"N"
415261,"Sophomore","E11",2.47,"Y"
331429,"Sophomore","E11",3.46,"N"
447190,"Sophomore","E11",2.49,"Y"
853701,"Sophomore","E11",2.9,"N"
939676,"Sophomore","E11",3.57,"Y"
602690,"Sophomore","E11",2.42,"N"
585889,"Sophomore","E11",3.82,"N"
853383,"Sophomore","A11",2.85,"Y"
694188,"Sophomore","A11",3.21,"Y"
722573,"Sophomore","A11",2.04,"Y"
785705,"Sophomore","A11",3.77,"Y"
243608,"Sophomore","A11",2.58,"Y"
285885,"Sophomore","A11",3.33,"N"
709872,"Sophomore","A11",3.94,"Y"
922153,"Sophomore","A11",1.65,"Y"
462830,"Sophomore","A11",1.85,"N"
261550,"Sophomore","A11",3.09,"N"
197531,"Sophomore","A11",2.48,"N"
665119,"Sophomore","A11",3,"N"
907814,"Sophomore","A11",1.76,"Y"
828527,"Sophomore","A11",3.29,"N"
435601,"Sophomore","A11",1.52,"Y"
533099,"Sophomore","A11",1.36,"Y"
106928,"Sophomore","A11",1.48,"Y"
649002,"Sophomore","A11",1.52,"Y"
888753,"Sophomore","A11",1.29,"N"
738289,"Sophomore","A11",1.61,"Y"
581425,"Sophomore","A11",3.43,"Y"
232203,"Sophomore","A11",3.96,"N"
996963,"Sophomore","A11",1.69,"Y"
641374,"Sophomore","A11",1.51,"Y"
574776,"Sophomore","A11",3.75,"Y"
309228,"Sophomore","A11",3.53,"N"
301901,"Sophomore","E14",2.45,"N"
453896,"Sophomore","E14",3.47,"Y"
264036,"Sophomore","E14",1.53,"Y"
593910,"Sophomore","E14",1.9,"Y"
609905,"Sophomore","E14",2.85,"Y"
339363,"Sophomore","E14",2.91,"Y"
756541,"Sophomore","E14",1.94,"Y"
850042,"Sophomore","E14",3.12,"N"
189876,"Sophomore","E14",2.41,"Y"
809203,"Sophomore","E14",2.89,"N"
312794,"Sophomore","E14",3.66,"N"
313919,"Sophomore","E14",1.78,"Y"
644112,"Sophomore","E14",2.82,"N"
185921,"Sophomore","E14",3.33,"N"
867276,"Sophomore","E14",2.08,"Y"
394651,"Sophomore","E14",3.39,"N"
612949,"Sophomore","E14",3.16,"N"
691304,"Sophomore","E14",3.62,"Y"
263984,"Sophomore","E14",1.69,"N"
500624,"Sophomore","E14",2.93,"Y"
764948,"Sophomore","E14",3.76,"N"
856694,"Sophomore","E14",2.91,"N"
451753,"Sophomore","E14",3.76,"Y"
309496,"Sophomore","E14",3.69,"N"
862960,"Sophomore","E14",3.38,"N"
878291,"Sophomore","E14",2.88,"Y"
861650,"Sophomore","C17",1.7,"Y"
555215,"Sophomore","C17",3.84,"N"
126871,"Sophomore","C17",3.92,"N"
922899,"Sophomore","C17",2.54,"N"
676031,"Sophomore","C17",2.61,"N"
483783,"Sophomore","C17",2.39,"Y"
978552,"Sophomore","C17",3.31,"Y"
308061,"Sophomore","C17",3.84,"N"
896843,"Sophomore","C17",2.77,"Y"
675558,"Sophomore","C17",3.86,"Y"
610220,"Sophomore","C17",2.35,"Y"
390126,"Sophomore","C17",2.63,"N"
482274,"Sophomore","C17",2.88,"N"
745923,"Sophomore","C17",3.47,"N"
441219,"Sophomore","C17",2.73,"N"
143467,"Sophomore","C17",1.6,"N"
514996,"Sophomore","C17",1.86,"N"
347351,"Sophomore","C17",2.53,"N"
601266,"Sophomore","C17",3.78,"Y"
595618,"Sophomore","C17",2.32,"N"
125522,"Sophomore","C17",3.6,"N"
442709,"Sophomore","C17",2.72,"N"
909488,"Sophomore","C17",1.65,"Y"
564088,"Sophomore","C17",1.53,"N"
921898,"Sophomore","C17",3.17,"Y"
306757,"Sophomore","C17",3.62,"Y"
826541,"Sophomore","C17",2.27,"Y"
870156,"Sophomore","C17",3.47,"N"
380761,"Sophomore","C17",2.56,"N"
304145,"Sophomore","D13",3.69,"Y"
805666,"Sophomore","D13",2.57,"N"
208926,"Sophomore","D13",1.99,"Y"
850829,"Sophomore","D13",1.88,"N"
162445,"Sophomore","D13",1.76,"N"
877834,"Sophomore","D13",1.43,"N"
838142,"Sophomore","D13",3.45,"N"
992335,"Sophomore","D13",3.73,"Y"
871809,"Sophomore","D13",2.62,"Y"
605800,"Sophomore","D13",1.82,"N"
564587,"Sophomore","D13",1.3,"Y"
243863,"Sophomore","D13",2.32,"N"
531950,"Sophomore","D13",3.51,"N"
727244,"Sophomore","D13",2.46,"Y"
678734,"Sophomore","D13",1.76,"Y"
967544,"Sophomore","D13",2.64,"Y"
687104,"Sophomore","D13",2.61,"N"
523507,"Sophomore","D13",1.51,"Y"
964711,"Sophomore","D13",1.66,"N"
541372,"Sophomore","D13",3.43,"N"
199221,"Sophomore","D13",2.87,"N"
157133,"Sophomore","D13",2.03,"Y"
822028,"Sophomore","D13",3.55,"N"
310230,"Sophomore","D13",2.15,"N"
885991,"Sophomore","D13",3.45,"Y"
587995,"Sophomore","D13",2.48,"Y"
579519,"Sophomore","D13",2.92,"Y"
748424,"Sophomore","D13",1.96,"N"
427502,"Sophomore","D13",2.23,"N"
403687,"Sophomore","D13",3.62,"Y"
658666,"Sophomore","D13",3.9,"N"
866387,"Sophomore","D13",2.96,"N"
644515,"Sophomore","D13",2.9,"Y"
225108,"Sophomore","D13",1.64,"Y"
869625,"Sophomore","A14",1.87,"N"
504680,"Sophomore","A14",2.87,"Y"
711685,"Sophomore","A14",2.4,"Y"
519557,"Sophomore","A14",1.6,"N"
348604,"Sophomore","A14",3.5,"Y"
689922,"Sophomore","A14",2.54,"Y"
373515,"Sophomore","A14",1.91,"N"
148097,"Sophomore","A14",3.88,"Y"
697179,"Sophomore","A14",3.25,"N"
704888,"Sophomore","A14",2.02,"N"
976307,"Sophomore","A14",1.35,"N"
183006,"Sophomore","A14",3.46,"N"
943694,"Sophomore","A14",2.43,"Y"
743908,"Sophomore","A14",1.54,"Y"
479539,"Sophomore","A14",1.34,"Y"
322549,"Sophomore","A14",2.27,"N"
345719,"Sophomore","A14",2.73,"N"
965816,"Sophomore","A14",3.72,"Y"
553031,"Sophomore","A14",1.84,"Y"
861345,"Sophomore","A14",3.2,"N"
395108,"Sophomore","A14",2.66,"N"
973300,"Sophomore","A14",3.99,"N"
661691,"Sophomore","A14",3.4,"N"
787089,"Sophomore","A14",1.74,"N"
259082,"Sophomore","A14",3.38,"Y"
553632,"Sophomore","A14",3.54,"Y"
705895,"Sophomore","A14",1.35,"N"
526821,"Sophomore","A14",3.6,"N"
374730,"Sophomore","A14",2.54,"N"
691827,"Sophomore","C15",2.73,"Y"
117631,"Sophomore","C15",3.6,"Y"
978187,"Sophomore","C15",2.13,"N"
423403,"Sophomore","C15",2.49,"Y"
920780,"Sophomore","C15",3.66,"Y"
971784,"Sophomore","C15",2.56,"Y"
527182,"Sophomore","C15",1.63,"Y"
136508,"Sophomore","C15",3.89,"N"
578276,"Sophomore","C15",2.93,"N"
529090,"Sophomore","C15",1.35,"Y"
747467,"Sophomore","C15",3.09,"Y"
655108,"Sophomore","C15",2.29,"N"
353223,"Sophomore","C15",3.24,"Y"
985592,"Sophomore","C15",3.7,"Y"
944358,"Sophomore","C15",3.59,"N"
823233,"Sophomore","C15",2.19,"N"
947224,"Sophomore","C15",2.44,"Y"
489271,"Sophomore","C15",2.42,"N"
268080,"Sophomore","C15",2.1,"N"
151838,"Sophomore","C15",2.84,"N"
974043,"Sophomore","C15",1.4,"Y"
633410,"Sophomore","C15",2.38,"Y"
151885,"Sophomore","C15",1.66,"Y"
269653,"Sophomore","C15",3.72,"N"
937409,"Sophomore","C15",1.85,"N"
573673,"Sophomore","C15",3.19,"N"
705112,"Sophomore","C15",3.23,"N"
610904,"Sophomore","C15",2.98,"N"
505306,"Sophomore","C15",2.6,"N"
916785,"Sophomore","C15",3.13,"N"
533795,"Sophomore","C15",2.82,"Y"
788305,"Sophomore","C15",3.2,"Y"
334733,"Sophomore","C15",1.36,"N"
464161,"Junior","D12",3.79,"N"
661840,"Junior","D12",3.96,"Y"
226885,"Junior","D12",3.25,"Y"
207307,"Junior","D12",1.34,"N"
212704,"Junior","D12",1.5,"Y"
964780,"Junior","D12",2.31,"Y"
751104,"Junior","D12",1.57,"Y"
352582,"Junior","D12",2.3,"N"
665424,"Junior","D12",3.09,"Y"
437025,"Junior","D12",3.31,"N"
442372,"Junior","D12",3.51,"Y"
477321,"Junior","D12",3.02,"Y"
601786,"Junior","D12",2.91,"N"
396987,"Junior","D12",3.46,"N"
131307,"Junior","D12",2.75,"N"
243771,"Junior","D12",3.93,"N"
126338,"Junior","D12",3.67,"Y"
481398,"Junior","D12",1.39,"N"
675333,"Junior","D12",3.68,"Y"
571643,"Junior","D12",3.55,"N"
760480,"Junior","D12",3.88,"N"
371770,"Junior","D12",3.41,"Y"
818400,"Junior","D12",2.09,"N"
749357,"Junior","D12",1.33,"Y"
431112,"Junior","D12",3.67,"Y"
992883,"Junior","D12",3.1,"Y"
349238,"Junior","D12",3.4,"N"
126883,"Junior","B12",1.86,"Y"
540688,"Junior","B12",2.94,"Y"
212433,"Junior","B12",2.35,"Y"
823797,"Junior","B12",1.99,"Y"
585771,"Junior","B12",1.51,"Y"
471492,"Junior","B12",1.98,"Y"
957354,"Junior","B12",1.35,"Y"
300983,"Junior","B12",3.54,"Y"
101443,"Junior","B12",1.43,"Y"
416396,"Junior","B12",2.45,"N"
100008,"Junior","B12",3.35,"Y"
968162,"Junior","B12",2.45,"N"
636431,"Junior","B12",2.06,"Y"
796231,"Junior","B12",2.58,"Y"
451785,"Junior","B12",1.9,"N"
595943,"Junior","B12",1.81,"Y"
321721,"Junior","B12",1.36,"Y"
475982,"Junior","B12",1.55,"N"
489266,"Junior","B12",2.74,"Y"
568017,"Junior","B12",3.09,"Y"
255819,"Junior","B12",2.31,"N"
234959,"Junior","B12",3.98,"Y"
928744,"Junior","B12",2.85,"Y"
934375,"Junior","B12",3.32,"Y"
736413,"Junior","B12",3.99,"Y"
595833,"Junior","B12",3.6,"Y"
269811,"Junior","B12",1.89,"N"
574163,"Junior","B12",3.97,"Y"
649801,"Junior","B12",3.04,"Y"
802781,"Junior","A16",1.69,"Y"
695011,"Junior","A16",3.94,"N"
639151,"Junior","A16",3.91,"Y"
421419,"Junior","A16",3.16,"Y"
421123,"Junior","A16",2.94,"N"
471388,"Junior","A16",2.61,"Y"
432472,"Junior","A16",1.56,"Y"
686876,"Junior","A16",3.37,"Y"
815291,"Junior","A16",3.31,"Y"
611528,"Junior","A16",3.33,"N"
753502,"Junior","A16",1.58,"Y"
207952,"Junior","A16",3.48,"Y"
111263,"Junior","A16",2.36,"N"
404847,"Junior","A16",1.71,"N"
843935,"Junior","A16",1.9,"Y"
183569,"Junior","A16",1.78,"N"
312464,"Junior","A16",1.98,"Y"
223709,"Junior","A16",2.38,"N"
788768,"Junior","A16",2,"Y"
269708,"Junior","A16",3.79,"Y"
161835,"Junior","A16",1.34,"N"
766361,"Junior","A16",2.68,"N"
389399,"Junior","A16",2.99,"Y"
950454,"Junior","A16",1.34,"Y"
771880,"Junior","A16",1.99,"Y"
141747,"Junior","A16",2.56,"Y"
693150,"Junior","A16",2.23,"N"
934917,"Junior","A16",2.59,"Y"
825189,"Junior","A16",2.24,"Y"
988026,"Junior","A16",2,"N"
595182,"Junior","B11",2.22,"Y"
278592,"Junior","B11",2.38,"Y"
288810,"Junior","B11",2.88,"N"
741862,"Junior","B11",1.35,"Y"
655615,"Junior","B11",1.59,"N"
719770,"Junior","B11",1.83,"Y"
343587,"Junior","B11",3.74,"N"
808218,"Junior","B11",3.96,"N"
841424,"Junior","B11",2.84,"Y"
474985,"Junior","B11",2.59,"Y"
333695,"Junior","B11",1.34,"Y"
172145,"Junior","B11",1.64,"N"
408869,"Junior","B11",2.2,"Y"
224448,"Junior","B11",1.3,"Y"
893235,"Junior","B11",1.67,"Y"
541853,"Junior","B11",3.29,"Y"
581334,"Junior","B11",1.8,"N"
848373,"Junior","B11",1.86,"Y"
511377,"Junior","B11",2.27,"N"
630767,"Junior","B11",3.74,"N"
490116,"Junior","B11",2.67,"Y"
749422,"Junior","B11",1.9,"N"
224397,"Junior","B11",4,"N"
233960,"Junior","B11",2.99,"Y"
321588,"Junior","B11",3.65,"Y"
508868,"Junior","B11",2.39,"N"
490146,"Junior","B11",2.9,"N"
634250,"Junior","B11",2.85,"Y"
892438,"Junior","B11",2.65,"N"
605267,"Junior","B11",3.12,"Y"
554193,"Junior","B11",3.05,"Y"
500773,"Junior","B11",3.31,"N"
792629,"Junior","D17",1.82,"N"
967309,"Junior","D17",1.62,"Y"
768675,"Junior","D17",2.97,"N"
951529,"Junior","D17",3.39,"Y"
527301,"Junior","D17",1.5,"Y"
369941,"Junior","D17",3.95,"Y"
814633,"Junior","D17",3.54,"N"
169283,"Junior","D17",3.47,"Y"
341727,"Junior","D17",3.95,"N"
200864,"Junior","D17",2.82,"Y"
911077,"Junior","D17",3.97,"Y"
153513,"Junior","D17",2.63,"N"
493463,"Junior","D17",3.34,"N"
970583,"Junior","D17",2.59,"N"
898900,"Junior","D17",2.89,"Y"
548539,"Junior","D17",2.15,"N"
202796,"Junior","D17",3.29,"N"
936174,"Junior","D17",3.93,"N"
617811,"Junior","D17",3.85,"N"
257572,"Junior","D17",2.96,"N"
878908,"Junior","D17",2.5,"Y"
866435,"Junior","D17",1.73,"Y"
201879,"Junior","D17",3.1,"N"
341406,"Junior","D17",3.71,"N"
961967,"Junior","D17",2.72,"N"
358173,"Junior","D17",1.54,"Y"
227301,"Junior","D17",3.53,"N"
330547,"Junior","D17",3.26,"N"
490274,"Junior","E12",1.39,"N"
883799,"Junior","E12",2.95,"N"
770475,"Junior","E12",2.5,"N"
741113,"Junior","E12",2.87,"Y"
434501,"Junior","E12",3.86,"Y"
351228,"Junior","E12",2.22,"Y"
900643,"Junior","E12",2.99,"Y"
956215,"Junior","E12",2.09,"N"
507529,"Junior","E12",2.6,"Y"
692733,"Junior","E12",1.68,"Y"
650546,"Junior","E12",2.25,"Y"
377426,"Junior","E12",3.87,"N"
356633,"Junior","E12",2.93,"Y"
589160,"Junior","E12",3.33,"Y"
522190,"Junior","E12",1.86,"N"
147050,"Junior","E12",3.24,"N"
827298,"Junior","E12",1.86,"Y"
893671,"Junior","E12",3.19,"Y"
794168,"Junior","E12",3.64,"Y"
406780,"Junior","E12",1.44,"Y"
119543,"Junior","E12",3.45,"N"
656339,"Junior","E12",2.3,"N"
892642,"Junior","E12",2.1,"Y"
762178,"Junior","E12",2.45,"N"
302551,"Junior","E12",2.58,"Y"
810092,"Junior","E12",2.58,"Y"
840179,"Junior","E12",3.31,"Y"
331310,"Junior","E12",2.34,"Y"
941794,"Junior","E12",1.88,"N"
411659,"Junior","E12",2.17,"Y"
230885,"Junior","E12",2.43,"N"
515933,"Junior","E12",1.82,"N"
908880,"Junior","E12",2.19,"N"
156748,"Junior","B13",3.66,"Y"
290939,"Junior","B13",2.34,"Y"
674733,"Junior","B13",2.08,"N"
590079,"Junior","B13",2.5,"Y"
675265,"Junior","B13",3.87,"N"
170282,"Junior","B13",2.91,"N"
360400,"Junior","B13",3.66,"N"
146589,"Junior","B13",2.06,"N"
444830,"Junior","B13",2.46,"Y"
984279,"Junior","B13",1.76,"Y"
442602,"Junior","B13",2.85,"Y"
793572,"Junior","B13",1.57,"N"
664081,"Junior","B13",3.41,"N"
617608,"Junior","B13",2.81,"N"
460249,"Junior","B13",2.89,"Y"
437580,"Junior","B13",2.26,"Y"
843538,"Junior","B13",2.88,"Y"
667815,"Junior","B13",2.66,"N"
997987,"Junior","B13",1.95,"Y"
906458,"Junior","B13",3.46,"N"
582437,"Junior","B13",1.69,"N"
919880,"Junior","B13",1.97,"N"
380689,"Junior","B13",2.85,"Y"
389848,"Junior","B13",3.72,"N"
664300,"Junior","B13",2.67,"Y"
471335,"Junior","B13",2.97,"N"
260759,"Junior","B13",1.53,"N"
732562,"Junior","B16",1.88,"Y"
405367,"Junior","B16",3.54,"Y"
663754,"Junior","B16",1.4,"Y"
926412,"Junior","B16",3.63,"N"
784118,"Junior","B16",2.9,"N"
101790,"Junior","B16",2.59,"Y"
269739,"Junior","B16",1.98,"Y"
144933,"Junior","B16",2.84,"Y"
236174,"Junior","B16",2.04,"N"
710973,"Junior","B16",1.32,"N"
560258,"Junior","B16",1.74,"N"
621581,"Junior","B16",2.32,"N"
352423,"Junior","B16",2.86,"Y"
805020,"Junior","B16",1.58,"Y"
555871,"Junior","B16",1.37,"N"
194172,"Junior","B16",3.52,"Y"
869283,"Junior","B16",2.05,"Y"
452677,"Junior","B16",3.85,"Y"
260621,"Junior","B16",3.46,"Y"
903774,"Junior","B16",3.91,"N"
201190,"Junior","B16",2.93,"Y"
819520,"Junior","B16",3.48,"N"
734065,"Junior","B16",2.85,"N"
839864,"Junior","B16",2.83,"N"
220662,"Junior","B16",1.38,"N"
190442,"Junior","B16",2.39,"N"
662194,"Junior","B16",2.86,"Y"
688122,"Junior","B16",3.44,"N"
394637,"Junior","B16",2.41,"Y"
302060,"Junior","B16",3.07,"Y"
194857,"Junior","B16",1.68,"N"
447072,"Junior","D16",2.58,"Y"
637975,"Junior","D16",3.2,"Y"
779401,"Junior","D16",3.29,"N"
555139,"Junior","D16",3.71,"N"
437897,"Junior","D16",1.4,"N"
512380,"Junior","D16",1.3,"Y"
679813,"Junior","D16",2.8,"Y"
414021,"Junior","D16",1.72,"N"
663362,"Junior","D16",1.84,"N"
997602,"Junior","D16",3.42,"Y"
108842,"Junior","D16",1.41,"Y"
935741,"Junior","D16",1.5,"N"
286266,"Junior","D16",2.48,"N"
575663,"Junior","D16",2.27,"N"
834090,"Junior","D16",3.33,"Y"
927485,"Junior","D16",2.02,"Y"
440486,"Junior","D16",3.68,"Y"
756730,"Junior","D16",3.26,"Y"
135972,"Junior","D16",2.55,"Y"
695483,"Junior","D16",2.24,"Y"
101422,"Junior","D16",1.67,"N"
515308,"Junior","D16",3.18,"Y"
550143,"Junior","D16",3.8,"Y"
247781,"Junior","D16",3.96,"Y"
571617,"Junior","D16",3.06,"N"
990211,"Junior","D16",2.49,"Y"
319881,"Junior","D16",1.85,"Y"
841386,"Junior","D16",3.72,"N"
299774,"Junior","D16",2.38,"N"
373508,"Junior","D16",3.47,"Y"
822519,"Junior","D16",1.43,"Y"
547773,"Junior","D16",2.54,"N"
743221,"Junior","D16",2.14,"Y"
675695,"Junior","D16",2.04,"N"
964564,"Junior","B10",2.86,"N"
201752,"Junior","B10",3.6,"N"
930310,"Junior","B10",2.54,"Y"
335484,"Junior","B10",2.94,"Y"
231228,"Junior","B10",2.88,"N"
669387,"Junior","B10",3.84,"N"
218160,"Junior","B10",3.04,"Y"
892980,"Junior","B10",2.04,"N"
559082,"Junior","B10",3.98,"N"
933944,"Junior","B10",2.33,"N"
118302,"Junior","B10",3.52,"Y"
688541,"Junior","B10",1.71,"Y"
621119,"Junior","B10",2.18,"N"
621290,"Junior","B10",3.17,"N"
449467,"Junior","B10",2.16,"Y"
123934,"Junior","B10",3.58,"Y"
320474,"Junior","B10",2.85,"Y"
642411,"Junior","B10",2.5,"Y"
429874,"Junior","B10",3.86,"Y"
503326,"Junior","B10",2.19,"N"
359388,"Junior","B10",2.12,"Y"
993440,"Junior","B10",3.81,"Y"
758462,"Junior","B10",1.7,"N"
961333,"Junior","B10",4,"Y"
268004,"Junior","B10",3.9,"N"
960829,"Junior","B10",3.37,"Y"
133119,"Junior","B10",3.37,"N"
525600,"Junior","B10",1.36,"N"
276270,"Junior","B10",1.35,"N"
267078,"Junior","B10",2.04,"Y"
101308,"Junior","B10",2.77,"Y"
658470,"Junior","B10",3.53,"N"
989871,"Senior","B15",2.03,"N"
627580,"Senior","B15",3.91,"Y"
841874,"Senior","B15",3.05,"N"
599245,"Senior","B15",3.71,"N"
742130,"Senior","B15",2.55,"Y"
177010,"Senior","B15",3.2,"Y"
409340,"Senior","B15",2.6,"N"
263940,"Senior","B15",2.51,"N"
329509,"Senior","B15",2.71,"N"
346769,"Senior","B15",3.89,"N"
204112,"Senior","B15",1.89,"Y"
272870,"Senior","B15",3.34,"N"
302079,"Senior","B15",3.23,"Y"
951283,"Senior","B15",1.35,"Y"
326821,"Senior","B15",2.52,"N"
953098,"Senior","B15",1.56,"N"
203843,"Senior","B15",3.53,"N"
654910,"Senior","B15",3.41,"N"
500000,"Senior","B15",2.29,"N"
651372,"Senior","B15",3.13,"N"
419895,"Senior","B15",3.66,"N"
982599,"Senior","B15",2.47,"Y"
559860,"Senior","B15",2.91,"N"
463648,"Senior","B15",3.07,"N"
949800,"Senior","B15",2.85,"N"
707806,"Senior","B15",3.32,"Y"
401997,"Senior","B15",1.75,"N"
952812,"Senior","B15",3.36,"N"
599475,"Senior","B15",3.26,"Y"
538689,"Senior","B15",2.28,"Y"
361853,"Senior","E17",2.05,"N"
602587,"Senior","E17",2.06,"Y"
775579,"Senior","E17",3.41,"Y"
777250,"Senior","E17",3.49,"Y"
348291,"Senior","E17",2.02,"Y"
376704,"Senior","E17",1.89,"Y"
499039,"Senior","E17",2.08,"N"
987168,"Senior","E17",3.83,"Y"
515675,"Senior","E17",2.28,"Y"
158609,"Senior","E17",1.55,"Y"
689618,"Senior","E17",3.8,"Y"
943178,"Senior","E17",3.55,"N"
253229,"Senior","E17",3.87,"Y"
959140,"Senior","E17",3.39,"Y"
413415,"Senior","E17",3.98,"Y"
804610,"Senior","E17",2.22,"Y"
999120,"Senior","E17",1.97,"N"
506433,"Senior","E17",3.51,"N"
956716,"Senior","E17",3.89,"N"
579038,"Senior","E17",2.23,"Y"
212668,"Senior","E17",2.63,"N"
669028,"Senior","E17",3.79,"Y"
317218,"Senior","E17",3.53,"Y"
289805,"Senior","E17",1.94,"Y"
901754,"Senior","E17",1.37,"Y"
210336,"Senior","E17",2.79,"N"
107701,"Senior","E17",2.91,"Y"
766543,"Senior","E17",2.34,"Y"
255677,"Senior","E17",1.77,"N"
508899,"Senior","E17",3.06,"N"
174129,"Senior","E17",1.88,"N"
374424,"Senior","C12",3.48,"N"
280261,"Senior","C12",2.46,"Y"
383576,"Senior","C12",1.84,"N"
580978,"Senior","C12",3.35,"N"
727731,"Senior","C12",3.56,"N"
441529,"Senior","C12",1.68,"Y"
807629,"Senior","C12",1.6,"Y"
284716,"Senior","C12",2.21,"N"
647603,"Senior","C12",1.81,"Y"
768728,"Senior","C12",3.53,"N"
246838,"Senior","C12",3.55,"N"
798749,"Senior","C12",2.28,"N"
430731,"Senior","C12",2.06,"Y"
652956,"Senior","C12",3.28,"Y"
847465,"Senior","C12",2.59,"N"
134669,"Senior","C12",3.8,"Y"
378838,"Senior","C12",2.07,"N"
558025,"Senior","C12",2.67,"Y"
709275,"Senior","C12",3.99,"Y"
394412,"Senior","C12",1.61,"Y"
709581,"Senior","C12",2.98,"Y"
450311,"Senior","C12",1.69,"Y"
229553,"Senior","C12",1.77,"Y"
614463,"Senior","C12",2.81,"Y"
870688,"Senior","C12",3.71,"N"
446132,"Senior","C12",1.52,"N"
551854,"Senior","C12",1.56,"N"
816073,"Senior","C12",1.41,"Y"
975465,"Senior","C12",2.04,"N"
168839,"Senior","C12",2.06,"Y"
516084,"Senior","C12",2.52,"Y"
829185,"Senior","C12",3.57,"N"
667333,"Senior","D15",1.93,"Y"
293923,"Senior","D15",3.19,"Y"
594040,"Senior","D15",1.29,"N"
668391,"Senior","D15",3.68,"N"
598825,"Senior","D15",3.77,"Y"
464218,"Senior","D15",1.58,"Y"
883903,"Senior","D15",2.34,"N"
139793,"Senior","D15",2.91,"Y"
333054,"Senior","D15",2.14,"N"
863751,"Senior","D15",1.32,"Y"
326384,"Senior","D15",1.82,"Y"
242320,"Senior","D15",1.28,"N"
185961,"Senior","D15",3.96,"Y"
816455,"Senior","D15",1.71,"Y"
488280,"Senior","D15",1.32,"N"
679959,"Senior","D15",3.51,"Y"
113558,"Senior","D15",2.56,"N"
335665,"Senior","D15",2.16,"N"
454215,"Senior","D15",3.51,"Y"
377556,"Senior","D15",2.04,"N"
744352,"Senior","D15",2.59,"N"
933836,"Senior","D15",1.42,"Y"
754161,"Senior","D15",2.98,"N"
894284,"Senior","D15",3.14,"N"
708391,"Senior","D15",2.45,"Y"
462637,"Senior","D15",2,"Y"
937724,"Senior","D15",2.54,"N"
109806,"Senior","D15",2.44,"N"
607381,"Senior","D15",1.93,"Y"
326148,"Senior","D15",3.93,"N"
580495,"Senior","D15",3.02,"N"
326372,"Senior","A12",1.77,"N"
287758,"Senior","A12",3.02,"N"
951457,"Senior","A12",2.22,"N"
951913,"Senior","A12",3.73,"Y"
546270,"Senior","A12",3.29,"N"
109868,"Senior","A12",1.86,"Y"
694502,"Senior","A12",2.21,"N"
201600,"Senior","A12",2.69,"N"
585358,"Senior","A12",2.96,"N"
632389,"Senior","A12",1.8,"N"
163224,"Senior","A12",2.77,"Y"
320318,"Senior","A12",2.8,"Y"
252510,"Senior","A12",2.3,"N"
806424,"Senior","A12",2.8,"Y"
985434,"Senior","A12",1.88,"N"
647371,"Senior","A12",3.84,"N"
382725,"Senior","A12",1.96,"N"
809637,"Senior","A12",3.3,"N"
218737,"Senior","A12",2.88,"Y"
677800,"Senior","A12",3.14,"Y"
532488,"Senior","A12",3.46,"Y"
676903,"Senior","A12",3.92,"Y"
206649,"Senior","A12",1.83,"N"
867294,"Senior","A12",3.14,"N"
553476,"Senior","A12",3.12,"Y"
490692,"Senior","A12",3.59,"Y"
405703,"Senior","A12",2.53,"Y"
171475,"Senior","A12",2.17,"N"
579422,"Senior","A10",3.48,"Y"
347859,"Senior","A10",1.96,"N"
375954,"Senior","A10",1.39,"Y"
875296,"Senior","A10",2.62,"Y"
489172,"Senior","A10",2.41,"Y"
496593,"Senior","A10",2.36,"N"
153869,"Senior","A10",3.4,"Y"
908969,"Senior","A10",3.99,"N"
288585,"Senior","A10",2.92,"N"
842927,"Senior","A10",3.44,"N"
348182,"Senior","A10",2.07,"Y"
496277,"Senior","A10",3.84,"Y"
789562,"Senior","A10",2.93,"N"
298385,"Senior","A10",2.7,"N"
917284,"Senior","A10",3.48,"Y"
708553,"Senior","A10",3.21,"N"
576693,"Senior","A10",3.96,"N"
488332,"Senior","A10",2.22,"N"
953451,"Senior","A10",2.8,"N"
658905,"Senior","A10",3.12,"N"
121695,"Senior","A10",1.44,"Y"
935141,"Senior","A10",1.66,"N"
987410,"Senior","A10",2,"N"
548690,"Senior","A10",1.9,"N"
418226,"Senior","A10",2.08,"Y"
435441,"Senior","A10",2.62,"N"
554204,"Senior","A10",3.85,"N"
189860,"Senior","A10",2.56,"Y"
655169,"Senior","A10",3.19,"N"
246744,"Senior","A10",1.76,"N"
744714,"Senior","A10",2.2,"N"
795488,"Senior","A10",2.97,"Y"
493964,"Senior","A10",3.72,"N"
398795,"Senior","A10",3.83,"N"
259926,"Senior","D10",3.11,"Y"
476118,"Senior","D10",3.64,"N"
429290,"Senior","D10",2.59,"Y"
233973,"Senior","D10",1.55,"Y"
694059,"Senior","D10",3.36,"Y"
121405,"Senior","D10",3.02,"Y"
356832,"Senior","D10",3.28,"Y"
166264,"Senior","D10",2.46,"N"
137262,"Senior","D10",4,"Y"
353989,"Senior","D10",3.4,"Y"
384797,"Senior","D10",2.93,"N"
346973,"Senior","D10",3.06,"N"
425463,"Senior","D10",3.5,"Y"
304562,"Senior","D10",1.54,"N"
895707,"Senior","D10",3.43,"Y"
393850,"Senior","D10",3.72,"Y"
470640,"Senior","D10",2.67,"Y"
368839,"Senior","D10",2.02,"Y"
254350,"Senior","D10",3.13,"N"
704066,"Senior","D10",1.46,"N"
376402,"Senior","D10",2.88,"N"
771821,"Senior","D10",2.89,"N"
304126,"Senior","D10",1.59,"Y"
550448,"Senior","D10",3.82,"N"
929766,"Senior","D10",3.59,"Y"
683572,"Senior","D10",2.23,"Y"
642683,"Senior","D10",2.88,"Y"
526160,"Senior","D10",3.21,"N"
790146,"Senior","D10",2.34,"N"
287980,"Senior","D10",1.69,"N"
744980,"Senior","D10",3.75,"N"
512641,"Senior","D10",2.95,"N"
758591,"Senior","E13",2.44,"N"
426560,"Senior","E13",1.4,"N"
589462,"Senior","E13",1.78,"N"
145106,"Senior","E13",1.37,"Y"
870876,"Senior","E13",2.53,"N"
508647,"Senior","E13",2.24,"N"
460328,"Senior","E13",2.13,"N"
156095,"Senior","E13",1.6,"Y"
797208,"Senior","E13",3.17,"N"
511755,"Senior","E13",2.02,"Y"
762040,"Senior","E13",2.65,"Y"
919955,"Senior","E13",3.83,"Y"
563684,"Senior","E13",3.74,"N"
650665,"Senior","E13",2.88,"Y"
999470,"Senior","E13",2.95,"N"
436718,"Senior","E13",1.51,"N"
989155,"Senior","E13",2.57,"N"
916294,"Senior","E13",2.64,"N"
977549,"Senior","E13",3.82,"N"
797523,"Senior","E13",1.84,"N"
652256,"Senior","E13",1.59,"N"
346607,"Senior","E13",3.2,"N"
713768,"Senior","E13",2.96,"Y"
141755,"Senior","E13",3.69,"N"
256655,"Senior","E13",2.49,"N"
456970,"Senior","E13",2.02,"Y"
317550,"Senior","E13",2.22,"N"
435955,"Senior","E13",2.14,"N"
988794,"Senior","A17",1.61,"Y"
260973,"Senior","A17",2.73,"Y"
457804,"Senior","A17",3.72,"N"
338465,"Senior","A17",4,"Y"
635529,"Senior","A17",2.67,"Y"
446175,"Senior","A17",1.35,"N"
134211,"Senior","A17",3.81,"Y"
442989,"Senior","A17",2.12,"N"
299481,"Senior","A17",2.83,"Y"
873041,"Senior","A17",3.28,"N"
815272,"Senior","A17",3.62,"Y"
747647,"Senior","A17",2.02,"N"
570306,"Senior","A17",1.34,"Y"
158005,"Senior","A17",2.54,"Y"
921377,"Senior","A17",1.88,"N"
820387,"Senior","A17",1.4,"Y"
166510,"Senior","A17",3.61,"N"
349865,"Senior","A17",2.29,"N"
183508,"Senior","A17",3.38,"N"
168251,"Senior","A17",2.42,"Y"
249128,"Senior","A17",3.24,"Y"
107251,"Senior","A17",3.89,"N"
939450,"Senior","A17",3.44,"N"
120267,"Senior","A17",3.95,"N"
278576,"Senior","A17",3.25,"Y"
645195,"Senior","A17",2.58,"N"
206016,"Senior","A17",3.41,"N"
797773,"Senior","A17",3.97,"Y"
972809,"Senior","A17",3.77,"Y"
254279,"Senior","D14",3.95,"Y"
506425,"Senior","D14",1.98,"N"
670640,"Senior","D14",2.8,"Y"
903018,"Senior","D14",2.86,"N"
547817,"Senior","D14",2.1,"Y"
748611,"Senior","D14",2.96,"Y"
915650,"Senior","D14",2.65,"N"
451434,"Senior","D14",2.41,"Y"
113970,"Senior","D14",1.5,"Y"
654417,"Senior","D14",2.93,"Y"
323335,"Senior","D14",1.86,"N"
404381,"Senior","D14",3.15,"Y"
276363,"Senior","D14",3.21,"N"
859425,"Senior","D14",3.3,"Y"
518265,"Senior","D14",2.03,"Y"
102277,"Senior","D14",1.69,"N"
652453,"Senior","D14",3.46,"Y"
751855,"Senior","D14",2.3,"Y"
542445,"Senior","D14",1.63,"Y"
211980,"Senior","D14",3.33,"N"
337475,"Senior","D14",3.3,"N"
857478,"Senior","D14",2.9,"Y"
210854,"Senior","D14",3.25,"N"
942537,"Senior","D14",1.44,"N"
595972,"Senior","D14",2.34,"Y"
173959,"Senior","D14",3.82,"Y"
